"Account","Account Balance","Status","Account Name"
"APEX-248560-38","50000.60","active","APEX-248560 (Rajit Subramanya)"
"APEX-248560-42","50693.16","active","APEX-248560 (Rajit Subramanya)"
"APEX-248560-43","50510.14","active","APEX-248560 (Rajit Subramanya)"
"APEX-248560-44","52049.94","active","APEX-248560 (Rajit Subramanya)"
"APEX-248560-45","50251.12","active","APEX-248560 (Rajit Subramanya)"
"APEX-248560-47","51926.12","active","APEX-248560 (Rajit Subramanya)"
"APEX-248560-48","48714.02","admin only","APEX-248560-48"
"APEX-248560-49","48934.08","active","APEX-248560 (Rajit Subramanya)"
"APEX-248560-50","49193.16","active","APEX-248560 (Rajit Subramanya)"
"APEX-248560-51","49091.16","active","APEX-248560 (Rajit Subramanya)"
"APEX-248560-52","49934.08","active","APEX-248560 (Rajit Subramanya)"
"APEX-248560-53","48584.08","active","APEX-248560 (Rajit Subramanya)"
"APEX-248560-54","49764.12","active","APEX-248560 (Rajit Subramanya)"
"APEX-248560-55","48972.14","active","APEX-248560 (Rajit Subramanya)"
"APEX-248560-56","49817.60","active","APEX-248560 (Rajit Subramanya)"
"APEX-248560-57","49447.14","active","APEX-248560 (Rajit Subramanya)"
"APEX-248560-58","50864.02","active","APEX-248560 (Rajit Subramanya)"
"APEX-248560-59","49292.04","active","APEX-248560 (Rajit Subramanya)"
"APEX-248560-60","50642.04","active","APEX-248560 (Rajit Subramanya)"
"APEX-248560-61","49292.04","active","APEX-248560 (Rajit Subramanya)"
"APEX-248560-62","50518.66","active","APEX-248560 (Rajit Subramanya)"
"APEX-248560-63","49292.04","active","APEX-248560 (Rajit Subramanya)"
"APEX-248560-64","50642.04","active","APEX-248560 (Rajit Subramanya)"
"APEX-248560-65","49292.04","active","APEX-248560 (Rajit Subramanya)"
"APEX-248560-66","50000.00","active","APEX-248560 (Rajit Subramanya)"
"APEX-248560-67","52314.68","active","APEX-248560 (Rajit Subramanya)"
"APEX-248560-69","50120.96","active","APEX-248560 (Rajit Subramanya)"
"APEX-248560-71","51578.36","active","APEX-248560 (Rajit Subramanya)"
"APEX-248560-72","51329.48","active","APEX-248560 (Rajit Subramanya)"
"APEX-248560-76","50320.40","active","APEX-248560 (Rajit Subramanya)"
"APEX-248560-78","48942.34","active","APEX-248560 (Rajit Subramanya)"
"APEX-248560-79","50469.38","active","APEX-248560 (Rajit Subramanya)"
"APEX-248560-80","49625.50","active","APEX-248560 (Rajit Subramanya)"
"APEX-248560-81","49995.40","active","APEX-248560 (Rajit Subramanya)"
"APEX-248560-82","49855.86","active","APEX-248560 (Rajit Subramanya)"
"APEX-248560-83","49041.42","admin only","APEX-248560 (Rajit Subramanya)"
"APEX-248560-84","50474.38","active","APEX-248560 (Rajit Subramanya)"
"APEX-248560-85","48344.28","admin only","APEX-248560-85"
"APEX-248560-86","48482.34","admin only","APEX-248560 (Rajit Subramanya)"
"APEX-248560-87","50691.42","active","APEX-248560 (Rajit Subramanya)"
"APEX-248560-89","50487.44","active","APEX-248560 (Rajit Subramanya)"
"APEX-248560-90","51016.42","active","APEX-248560 (Rajit Subramanya)"
"APEX-248560-91","52024.38","active","APEX-248560 (Rajit Subramanya)"
"APEX-248560-92","48083.82","active","APEX-248560 (Rajit Subramanya)"
"APEX-248560-93","50538.06","active","APEX-248560 (Rajit Subramanya)"
"APEX-248560-94","48330.10","active","APEX-248560 (Rajit Subramanya)"
"APEX-248560-95","51793.16","active","APEX-248560 (Rajit Subramanya)"
"APEX-248560-96","50672.14","active","APEX-248560 (Rajit Subramanya)"
"APEX-248560-97","48584.08","active","APEX-248560 (Rajit Subramanya)"
"APEX-248560-98","50030.10","active","APEX-248560 (Rajit Subramanya)"
"APEX-248560-99","49776.12","active","APEX-248560 (Rajit Subramanya)"
"PA-APEX-248560-02","51511.62","active","APEX-248560 (Rajit Subramanya)"
"PA-APEX-248560-03","50861.00","active","APEX-248560 (Rajit Subramanya)"
"PA-APEX-248560-06","52691.82","active","APEX-248560 (Rajit Subramanya)"
"PA-APEX-248560-08","53201.56","active","APEX-248560 (Rajit Subramanya)"
"PA-APEX-248560-12","50629.98","active","APEX-248560 (Rajit Subramanya)"
"PA-APEX-248560-13","51071.62","active","APEX-248560 (Rajit Subramanya)"
"PA-APEX-248560-16","51156.92","active","APEX-248560 (Rajit Subramanya)"
"PA-APEX-248560-18","50332.54","active","APEX-248560 (Rajit Subramanya)"
"PA-APEX-248560-19","49945.30","active","APEX-248560 (Rajit Subramanya)"
"PA-APEX-248560-20","50926.12","active","APEX-248560 (Rajit Subramanya)"
"PA-APEX-248560-21","49842.04","active","APEX-248560 (Rajit Subramanya)"


