Direction (248560),Quantity,Time,Stop Loss,Profit,Use Breakeven,Breakeven Trigger,Breakeven Offset,Use Trail,Trail Trigger,Trail,Instrument,Account Number
Long,2,10:32 AM,550,500,true,18,10,false,0,0,ES,PA-APEX-248560-02
Short,2,10:31 AM,550,500,true,18,10,false,0,0,ES,PA-APEX-248560-03
Long,2,09:41 AM,550,500,true,18,10,false,0,0,ES,PA-APEX-248560-06
Short,1,11:35 AM,100,100,false,0,0,false,0,0,ES,PA-APEX-248560-08
Long,2,10:05 AM,550,500,true,18,10,false,0,0,ES,PA-APEX-248560-12
Short,2,10:51 AM,550,500,true,18,10,false,0,0,ES,PA-APEX-248560-13
Long,2,11:04 AM,550,500,true,18,10,false,0,0,ES,PA-APEX-248560-16
Short,2,10:36 AM,550,500,true,18,10,false,0,0,ES,PA-APEX-248560-18
Long,2,10:35 AM,550,500,true,18,10,false,0,0,ES,PA-APEX-248560-19
Short,2,09:47 AM,550,500,true,18,10,false,0,0,ES,PA-APEX-248560-20
Long,2,10:48 AM,550,500,true,18,10,false,0,0,ES,PA-APEX-248560-21