Direction (248560),Quantity,Time,Stop Loss,Profit,Use Breakeven,Breakeven Trigger,Breakeven Offset,Use Trail,Trail Trigger,Trail,Instrument,Account Number
Long,2,09:48 AM,700,650,false,0,0,false,0,0,ES,APEX-248560-38
Short,2,10:45 AM,700,650,false,0,0,false,0,0,ES,APEX-248560-42
Long,2,10:56 AM,700,650,false,0,0,false,0,0,ES,APEX-248560-43
Short,4,09:00 AM,1500,1450,false,0,0,false,0,0,ES,APEX-248560-49
Long,2,09:33 AM,700,650,false,0,0,false,0,0,ES,APEX-248560-50
Short,2,10:34 AM,700,650,false,0,0,false,0,0,ES,APEX-248560-52
Long,2,11:00 AM,700,650,false,0,0,false,0,0,ES,APEX-248560-54
Short,4,09:20 AM,1500,1450,false,0,0,false,0,0,ES,APEX-248560-55
Long,2,09:50 AM,700,650,false,0,0,false,0,0,ES,APEX-248560-56
Short,2,10:43 AM,700,650,false,0,0,false,0,0,ES,APEX-248560-58
Long,2,11:22 AM,700,650,false,0,0,false,0,0,ES,APEX-248560-60
Short,2,10:18 AM,700,650,false,0,0,false,0,0,ES,APEX-248560-67
Long,2,10:02 AM,700,650,false,0,0,false,0,0,ES,APEX-248560-72
Short,2,11:16 AM,700,650,false,0,0,false,0,0,ES,APEX-248560-80
Long,4,08:31 AM,1500,1450,false,0,0,false,0,0,ES,APEX-248560-94
Long,2,10:32 AM,550,500,true,18,10,false,0,0,ES,PA-APEX-248560-02
Short,2,10:31 AM,550,500,true,18,10,false,0,0,ES,PA-APEX-248560-03
Long,2,09:41 AM,550,500,true,18,10,false,0,0,ES,PA-APEX-248560-06
Short,1,11:35 AM,100,100,false,0,0,false,0,0,ES,PA-APEX-248560-08
Long,2,10:05 AM,550,500,true,18,10,false,0,0,ES,PA-APEX-248560-12
Short,2,10:51 AM,550,500,true,18,10,false,0,0,ES,PA-APEX-248560-13
Long,2,11:04 AM,550,500,true,18,10,false,0,0,ES,PA-APEX-248560-16
Short,2,10:36 AM,550,500,true,18,10,false,0,0,ES,PA-APEX-248560-18
Long,2,10:35 AM,550,500,true,18,10,false,0,0,ES,PA-APEX-248560-19
Short,2,09:47 AM,550,500,true,18,10,false,0,0,ES,PA-APEX-248560-20
Long,2,10:48 AM,550,500,true,18,10,false,0,0,ES,PA-APEX-248560-21
Long,2,11:09 AM,700,650,false,0,0,false,0,0,ES,APEX-248560-44
Short,2,11:02 AM,700,650,false,0,0,false,0,0,ES,APEX-248560-45
Long,2,09:38 AM,700,650,false,0,0,false,0,0,ES,APEX-248560-47
Short,2,10:25 AM,700,650,false,0,0,false,0,0,ES,APEX-248560-51
Long,4,08:46 AM,1500,1450,false,0,0,false,0,0,ES,APEX-248560-53
Short,2,10:50 AM,700,650,false,0,0,false,0,0,ES,APEX-248560-57
Long,2,11:20 AM,700,650,false,0,0,false,0,0,ES,APEX-248560-59
Short,2,10:38 AM,700,650,false,0,0,false,0,0,ES,APEX-248560-61
Long,2,09:40 AM,700,650,false,0,0,false,0,0,ES,APEX-248560-62
Short,2,09:57 AM,700,650,false,0,0,false,0,0,ES,APEX-248560-63
Long,2,10:58 AM,700,650,false,0,0,false,0,0,ES,APEX-248560-64
Short,2,10:16 AM,700,650,false,0,0,false,0,0,ES,APEX-248560-65
Long,2,09:46 AM,700,650,false,0,0,false,0,0,ES,APEX-248560-66
Short,2,10:28 AM,700,650,false,0,0,false,0,0,ES,APEX-248560-69
Long,2,10:41 AM,700,650,false,0,0,false,0,0,ES,APEX-248560-71
Short,2,09:42 AM,700,650,false,0,0,false,0,0,ES,APEX-248560-76
Long,4,06:37 AM,1500,1450,false,0,0,false,0,0,ES,APEX-248560-78
Short,2,11:24 AM,700,650,false,0,0,false,0,0,ES,APEX-248560-79
Long,2,10:37 AM,700,650,false,0,0,false,0,0,ES,APEX-248560-81
Short,2,10:07 AM,700,650,false,0,0,false,0,0,ES,APEX-248560-82
Long,2,10:20 AM,700,650,false,0,0,false,0,0,ES,APEX-248560-84
Short,2,10:17 AM,700,650,false,0,0,false,0,0,ES,APEX-248560-87
Long,2,10:12 AM,700,650,false,0,0,false,0,0,ES,APEX-248560-89
Short,2,09:51 AM,700,650,false,0,0,false,0,0,ES,APEX-248560-90
Long,2,10:46 AM,700,650,false,0,0,false,0,0,ES,APEX-248560-91
Short,4,08:12 AM,1500,1450,false,0,0,false,0,0,ES,APEX-248560-92
Long,2,10:44 AM,700,650,false,0,0,false,0,0,ES,APEX-248560-93
Short,2,11:08 AM,700,650,false,0,0,false,0,0,ES,APEX-248560-95
Long,2,11:13 AM,700,650,false,0,0,false,0,0,ES,APEX-248560-96
Short,4,06:38 AM,1500,1450,false,0,0,false,0,0,ES,APEX-248560-97
Long,2,09:56 AM,700,650,false,0,0,false,0,0,ES,APEX-248560-98
Short,2,10:14 AM,700,650,false,0,0,false,0,0,ES,APEX-248560-99