"Account","Account Balance","Status","Account Name"
"APEX-266734-38","48426.12","active","APEX-266734 (Umesh Paduvagere Chikkkehucha)"
"APEX-266734-32","48480.10","active","APEX-266734 (Umesh Paduvagere Chikkkehucha)"
"APEX-266734-31","48551.12","active","APEX-266734 (Umesh Paduvagere Chikkkehucha)"
"APEX-266734-40","48559.08","active","APEX-266734 (Umesh Paduvagere Chikkkehucha)"
"APEX-266734-10","48573.92","admin only","APEX-266734 (Umesh Paduvagere Chikkkehucha)"
"APEX-266734-42","48584.08","active","APEX-266734 (Umesh Paduvagere Chikkkehucha)"
"APEX-266734-41","48584.08","active","APEX-266734 (Umesh Paduvagere Chikkkehucha)"
"APEX-266734-29","48597.24","admin only","APEX-266734 (Umesh Paduvagere Chikkkehucha)"
"APEX-266734-34","48680.10","active","APEX-266734 (Umesh Paduvagere Chikkkehucha)"
"APEX-266734-18","48684.38","active","APEX-266734 (Umesh Paduvagere Chikkkehucha)"
"APEX-266734-35","48701.12","active","APEX-266734 (Umesh Paduvagere Chikkkehucha)"
"APEX-266734-24","48724.94","admin only","APEX-266734 (Umesh Paduvagere Chikkkehucha)"
"APEX-266734-39","48739.18","active","APEX-266734 (Umesh Paduvagere Chikkkehucha)"
"APEX-266734-22","48754.28","admin only","APEX-266734-22"
"APEX-266734-21","48823.82","admin only","APEX-266734 (Umesh Paduvagere Chikkkehucha)"
"APEX-266734-15","48848.46","admin only","APEX-266734 (Umesh Paduvagere Chikkkehucha)"
"APEX-266734-06","48864.28","active","APEX-266734 (Umesh Paduvagere Chikkkehucha)"
"APEX-266734-33","48868.16","active","APEX-266734 (Umesh Paduvagere Chikkkehucha)"
"APEX-266734-37","48934.08","active","APEX-266734 (Umesh Paduvagere Chikkkehucha)"
"APEX-266734-36","48934.08","active","APEX-266734 (Umesh Paduvagere Chikkkehucha)"
"APEX-266734-04","48972.14","active","APEX-266734 (Umesh Paduvagere Chikkkehucha)"
"APEX-266734-01","48991.88","admin only","APEX-266734 (Umesh Paduvagere Chikkkehucha)"
"APEX-266734-03","49670.40","active","APEX-266734 (Umesh Paduvagere Chikkkehucha)"
"APEX-266734-23","50062.44","active","APEX-266734 (Umesh Paduvagere Chikkkehucha)"
"APEX-266734-08","50437.44","active","APEX-266734 (Umesh Paduvagere Chikkkehucha)"
"APEX-266734-30","51666.42","active","APEX-266734 (Umesh Paduvagere Chikkkehucha)"
"APEX-266734-20","51853.36","active","APEX-266734 (Umesh Paduvagere Chikkkehucha)"
"APEX-266734-13","51946.42","active","APEX-266734 (Umesh Paduvagere Chikkkehucha)"
"APEX-266734-02","52676.62","active","APEX-266734 (Umesh Paduvagere Chikkkehucha)"
"APEX-266734-27","53020.40","active","APEX-266734 (Umesh Paduvagere Chikkkehucha)"



Updated: Wed, Dec 11, 2024 11:33:20 pm PST

