Result Time,FileName,TradeCount,Account,Instrument,Quantity,Profit,Stop Loss,Trade Time,Direction,Entry Time,Entry Price,Exit Time,Exit Price,Result,Comment
,266734_EVAL.csv,10,APEX-266734-13,ES DEC24,2,650,700,10:44AM,Short,2024-12-11 10:44 AM,6099.25,2024-12-11 12:55 PM,6092.75,Profit
,266734_EVAL.csv,11,APEX-266734-20,ES DEC24,2,650,700,10:51AM,Long,2024-12-11 10:51 AM,6099.25,2024-12-11 12:56 PM,6092.25,Stop Loss
,266734_EVAL.csv,7,APEX-266734-03,ES DEC24,2,650,700,10:18AM,Long,2024-12-11 10:18 AM,6098.75,2024-12-11 12:59 PM,6091.75,Stop Loss
,266734_EVAL.csv,6,APEX-266734-23,ES DEC24,2,650,700,9:43AM,Short,2024-12-11 9:43 AM,6097.75,2024-12-11 12:59 PM,6091.25,Profit
,266734_EVAL.csv,9,APEX-266734-08,ES DEC24,2,650,700,10:57AM,Long,2024-12-11 10:57 AM,6096,2024-12-11 1:00 PM,6089,Stop Loss
