"Account","Account Balance","Account Name","Status"
"APEX-248714-50","47,281.42","APEX-248714-50","admin only"
"APEX-248714-70","47,877.34","APEX-248714-70","admin only"
"APEX-248714-77","47,999.38","APEX-248714-77","admin only"
"APEX-248714-113","48,534.08","APEX-248714 (Kiran Gururaj)","active"
"APEX-248714-57","48,559.08","APEX-248714 (Kiran Gururaj)","active"
"APEX-248714-59","48,559.08","APEX-248714 (Kiran Gururaj)","active"
"APEX-248714-115","48,576.12","APEX-248714 (Kiran Gururaj)","active"
"APEX-248714-107","48,584.08","APEX-248714 (Kiran Gururaj)","active"
"APEX-248714-80","48,801.42","APEX-248714 (Kiran Gururaj)","admin only"
"PA-APEX-248714-01","48,885.20","APEX-248714 (Kiran Gururaj)","active"
"APEX-248714-116","49,226.12","APEX-248714 (Kiran Gururaj)","active"
"APEX-248714-104","49,267.04","APEX-248714 (Kiran Gururaj)","active"
"APEX-248714-103","49,292.04","APEX-248714 (Kiran Gururaj)","active"
"APEX-248714-102","49,292.04","APEX-248714 (Kiran Gururaj)","active"
"APEX-248714-100","49,292.04","APEX-248714 (Kiran Gururaj)","active"
"APEX-248714-99","49,292.04","APEX-248714 (Kiran Gururaj)","active"
"APEX-248714-98","49,292.04","APEX-248714 (Kiran Gururaj)","active"
"APEX-248714-97","49,292.04","APEX-248714 (Kiran Gururaj)","active"
"APEX-248714-95","49,292.04","APEX-248714 (Kiran Gururaj)","active"
"APEX-248714-94","49,292.04","APEX-248714 (Kiran Gururaj)","active"
"APEX-248714-91","49,292.04","APEX-248714 (Kiran Gururaj)","active"
"APEX-248714-45","49,292.04","APEX-248714 (Kiran Gururaj)","active"
"APEX-248714-43","49,292.04","APEX-248714 (Kiran Gururaj)","active"
"APEX-248714-46","49,292.04","APEX-248714 (Kiran Gururaj)","active"
"APEX-248714-55","49,292.04","APEX-248714 (Kiran Gururaj)","active"
"APEX-248714-74","49,301.42","APEX-248714 (Kiran Gururaj)","admin only"
"APEX-248714-42","49,349.68","APEX-248714 (Kiran Gururaj)","active"
"APEX-248714-41","49,380.20","APEX-248714 (Kiran Gururaj)","active"
"APEX-248714-71","49,430.20","APEX-248714-71","admin only"
"APEX-248714-85","49,562.90","APEX-248714 (Kiran Gururaj)","active"
"APEX-248714-47","49,934.08","APEX-248714 (Kiran Gururaj)","active"
"APEX-248714-111","49,934.08","APEX-248714 (Kiran Gururaj)","active"
"APEX-248714-56","49,934.08","APEX-248714 (Kiran Gururaj)","active"
"APEX-248714-51","49,964.68","APEX-248714 (Kiran Gururaj)","active"
"APEX-248714-66","50,000.00","APEX-248714 (Kiran Gururaj)","active"
"APEX-248714-62","50,000.00","APEX-248714 (Kiran Gururaj)","active"
"APEX-248714-64","50,000.00","APEX-248714 (Kiran Gururaj)","active"
"APEX-248714-65","50,000.00","APEX-248714 (Kiran Gururaj)","active"
"APEX-248714-67","50,000.00","APEX-248714 (Kiran Gururaj)","active"
"APEX-248714-68","50,000.00","APEX-248714 (Kiran Gururaj)","active"
"APEX-248714-69","50,000.00","APEX-248714 (Kiran Gururaj)","active"
"APEX-248714-48","50,573.20","APEX-248714-48","admin only"
"APEX-248714-112","50,642.04","APEX-248714 (Kiran Gururaj)","active"
"APEX-248714-110","50,642.04","APEX-248714 (Kiran Gururaj)","active"
"APEX-248714-109","50,642.04","APEX-248714 (Kiran Gururaj)","active"
"APEX-248714-108","50,642.04","APEX-248714 (Kiran Gururaj)","active"
"APEX-248714-106","50,642.04","APEX-248714 (Kiran Gururaj)","active"
"APEX-248714-105","50,642.04","APEX-248714 (Kiran Gururaj)","active"
"APEX-248714-101","50,642.04","APEX-248714 (Kiran Gururaj)","active"
"APEX-248714-96","50,642.04","APEX-248714 (Kiran Gururaj)","active"
"APEX-248714-93","50,642.04","APEX-248714 (Kiran Gururaj)","active"
"APEX-248714-92","50,642.04","APEX-248714 (Kiran Gururaj)","active"
"APEX-248714-90","50,642.04","APEX-248714 (Kiran Gururaj)","active"
"APEX-248714-54","50,642.04","APEX-248714 (Kiran Gururaj)","active"
"APEX-248714-44","50,642.04","APEX-248714 (Kiran Gururaj)","active"
"APEX-248714-49","50,642.04","APEX-248714 (Kiran Gururaj)","active"
"APEX-248714-52","50,642.04","APEX-248714 (Kiran Gururaj)","active"
"APEX-248714-53","50,642.04","APEX-248714 (Kiran Gururaj)","active"
"APEX-248714-84","50,742.34","APEX-248714 (Kiran Gururaj)","active"
"APEX-248714-82","50,961.32","APEX-248714 (Kiran Gururaj)","active"
"APEX-248714-63","51,153.36","APEX-248714 (Kiran Gururaj)","active"
"APEX-248714-117","51,284.08","APEX-248714 (Kiran Gururaj)","active"
"APEX-248714-114","51,284.08","APEX-248714 (Kiran Gururaj)","active"
"APEX-248714-58","51,284.08","APEX-248714 (Kiran Gururaj)","active"
"APEX-248714-88","51,427.24","APEX-248714 (Kiran Gururaj)","active"
"APEX-248714-86","51,605.40","APEX-248714 (Kiran Gururaj)","active"
"APEX-248714-87","51,740.30","APEX-248714 (Kiran Gururaj)","active"
"APEX-248714-76","51,892.54","APEX-248714 (Kiran Gururaj)","active"
"APEX-248714-60","51,923.92","APEX-248714 (Kiran Gururaj)","active"
"APEX-248714-61","52,970.40","APEX-248714 (Kiran Gururaj)","active"



Updated: Wed, Dec 11, 2024 08:09:18 am PST

