Direction (248714),Quantity,Time,Stop Loss,Profit,Use Breakeven,Breakeven Trigger,Breakeven Offset,Use Trail,Trail Trigger,Trail,Instrument,Account Number
Short,4,07:15 AM,1500,1450,false,0,0,false,0,0,ES,APEX-248714-113
Short,2,09:58 AM,700,650,false,0,0,false,0,0,ES,APEX-248714-85
Long,2,10:22 AM,700,650,false,0,0,false,0,0,ES,APEX-248714-47
Short,2,10:53 AM,700,650,false,0,0,false,0,0,ES,APEX-248714-111
Short,2,11:16 AM,700,650,false,0,0,false,0,0,ES,APEX-248714-56
Short,2,11:20 AM,700,650,false,0,0,false,0,0,ES,APEX-248714-117
Long,2,09:36 AM,700,650,false,0,0,false,0,0,ES,APEX-248714-88
Long,2,10:52 AM,700,650,false,0,0,false,0,0,ES,APEX-248714-76
Short,2,10:51 AM,700,650,false,0,0,false,0,0,ES,APEX-248714-60
Short,1,11:38 AM,250,225,false,0,0,false,0,0,ES,APEX-248714-61
Long,2,10:24 AM,700,650,false,0,0,false,0,0,ES,APEX-248714-116
Short,2,10:14 AM,700,650,false,0,0,false,0,0,ES,APEX-248714-112
Long,2,10:01 AM,700,650,false,0,0,false,0,0,ES,APEX-248714-63
Short,2,10:20 AM,700,650,false,0,0,false,0,0,ES,APEX-248714-114
Long,4,09:29 AM,1400,1400,true,20,10,false,0,0,ES,PA-APEX-248714-01
Long,4,08:10 AM,1500,1450,false,0,0,false,0,0,ES,APEX-248714-57
Short,4,07:25 AM,1500,1450,false,0,0,false,0,0,ES,APEX-248714-59
Long,4,06:37 AM,1500,1450,false,0,0,false,0,0,ES,APEX-248714-115
Short,4,07:24 AM,1500,1450,false,0,0,false,0,0,ES,APEX-248714-107
Long,2,11:08 AM,700,650,false,0,0,false,0,0,ES,APEX-248714-104
Short,2,10:15 AM,700,650,false,0,0,false,0,0,ES,APEX-248714-103
Long,2,11:12 AM,700,650,false,0,0,false,0,0,ES,APEX-248714-102
Short,2,10:39 AM,700,650,false,0,0,false,0,0,ES,APEX-248714-100
Long,2,09:54 AM,700,650,false,0,0,false,0,0,ES,APEX-248714-99
Short,2,10:08 AM,700,650,false,0,0,false,0,0,ES,APEX-248714-98
Long,2,11:05 AM,700,650,false,0,0,false,0,0,ES,APEX-248714-97
Short,2,10:04 AM,700,650,false,0,0,false,0,0,ES,APEX-248714-95
Long,2,09:31 AM,700,650,false,0,0,false,0,0,ES,APEX-248714-94
Short,2,09:45 AM,700,650,false,0,0,false,0,0,ES,APEX-248714-91
Long,2,11:00 AM,700,650,false,0,0,false,0,0,ES,APEX-248714-45
Short,2,09:42 AM,700,650,false,0,0,false,0,0,ES,APEX-248714-43
Long,2,10:07 AM,700,650,false,0,0,false,0,0,ES,APEX-248714-46
Short,2,10:05 AM,700,650,false,0,0,false,0,0,ES,APEX-248714-55
Long,2,11:25 AM,700,650,false,0,0,false,0,0,ES,APEX-248714-42
Short,2,11:17 AM,700,650,false,0,0,false,0,0,ES,APEX-248714-41
Long,2,09:37 AM,700,650,false,0,0,false,0,0,ES,APEX-248714-51
Short,2,09:55 AM,700,650,false,0,0,false,0,0,ES,APEX-248714-66
Long,2,09:46 AM,700,650,false,0,0,false,0,0,ES,APEX-248714-62
Short,2,10:10 AM,700,650,false,0,0,false,0,0,ES,APEX-248714-64
Long,2,11:22 AM,700,650,false,0,0,false,0,0,ES,APEX-248714-65
Short,2,09:51 AM,700,650,false,0,0,false,0,0,ES,APEX-248714-67
Long,2,11:01 AM,700,650,false,0,0,false,0,0,ES,APEX-248714-68
Short,2,11:26 AM,700,650,false,0,0,false,0,0,ES,APEX-248714-69
Long,2,10:23 AM,700,650,false,0,0,false,0,0,ES,APEX-248714-110
Short,2,11:23 AM,700,650,false,0,0,false,0,0,ES,APEX-248714-109
Long,2,10:46 AM,700,650,false,0,0,false,0,0,ES,APEX-248714-108
Short,2,10:35 AM,700,650,false,0,0,false,0,0,ES,APEX-248714-106
Long,2,11:27 AM,700,650,false,0,0,false,0,0,ES,APEX-248714-105
Short,2,11:18 AM,700,650,false,0,0,false,0,0,ES,APEX-248714-101
Long,2,10:54 AM,700,650,false,0,0,false,0,0,ES,APEX-248714-96
Short,2,10:04 AM,700,650,false,0,0,false,0,0,ES,APEX-248714-93
Long,2,09:49 AM,700,650,false,0,0,false,0,0,ES,APEX-248714-92
Short,2,10:21 AM,700,650,false,0,0,false,0,0,ES,APEX-248714-90
Long,2,09:33 AM,700,650,false,0,0,false,0,0,ES,APEX-248714-54
Short,2,10:45 AM,700,650,false,0,0,false,0,0,ES,APEX-248714-44
Long,2,10:29 AM,700,650,false,0,0,false,0,0,ES,APEX-248714-49
Short,2,09:48 AM,700,650,false,0,0,false,0,0,ES,APEX-248714-52
Long,2,10:16 AM,700,650,false,0,0,false,0,0,ES,APEX-248714-53
Short,2,11:02 AM,700,650,false,0,0,false,0,0,ES,APEX-248714-84
Long,2,10:40 AM,700,650,false,0,0,false,0,0,ES,APEX-248714-82
Short,2,10:33 AM,700,650,false,0,0,false,0,0,ES,APEX-248714-58
Long,2,10:30 AM,700,650,false,0,0,false,0,0,ES,APEX-248714-86
Short,2,10:47 AM,700,650,false,0,0,false,0,0,ES,APEX-248714-87