"Account","Account Balance","Status","Account Name"
"APEX-62849-453","47511","admin only","APEX-62849-453"
"APEX-62849-385","47532","admin only","APEX-62849 (Sachin Suyamindra)"
"APEX-62849-446","47572","admin only","APEX-62849-446"
"APEX-62849-452","47585","admin only","APEX-62849-452"
"APEX-62849-462","47652","admin only","APEX-62849 (Sachin Suyamindra)"
"APEX-62849-451","47652","admin only","APEX-62849-451"
"APEX-62849-460","47715","admin only","APEX-62849-460"
"APEX-62849-387","47718","admin only","APEX-62849-387"
"APEX-62849-459","47756","admin only","APEX-62849-459"
"APEX-62849-409","47870","admin only","APEX-62849-409"
"APEX-62849-455","48086","admin only","APEX-62849-455"
"APEX-62849-448","48383","active","APEX-62849 (Sachin Suyamindra)"
"APEX-62849-440","48392","admin only","APEX-62849-440"
"APEX-62849-468","48485","active","APEX-62849 (Sachin Suyamindra)"
"APEX-62849-488","48584","active","APEX-62849 (Sachin Suyamindra)"
"APEX-62849-484","48584","active","APEX-62849 (Sachin Suyamindra)"
"APEX-62849-477","48584","active","APEX-62849 (Sachin Suyamindra)"
"PA-APEX-62849-127","48706","active","APEX-62849 (Sachin Suyamindra)"
"APEX-62849-458","48927","active","APEX-62849 (Sachin Suyamindra)"
"PA-APEX-62849-125","48944","active","APEX-62849 (Sachin Suyamindra)"
"APEX-62849-480","48972","active","APEX-62849 (Sachin Suyamindra)"
"APEX-62849-479","49122","active","APEX-62849 (Sachin Suyamindra)"
"APEX-62849-485","49160","active","APEX-62849 (Sachin Suyamindra)"
"APEX-62849-464","49268","active","APEX-62849 (Sachin Suyamindra)"
"APEX-62849-475","49289","active","APEX-62849 (Sachin Suyamindra)"
"APEX-62849-463","49343","active","APEX-62849 (Sachin Suyamindra)"
"APEX-62849-483","49422","active","APEX-62849 (Sachin Suyamindra)"
"APEX-62849-461","49507","active","APEX-62849 (Sachin Suyamindra)"
"APEX-62849-476","49614","active","APEX-62849 (Sachin Suyamindra)"
"APEX-62849-466","49614","active","APEX-62849 (Sachin Suyamindra)"
"APEX-62849-487","49764","active","APEX-62849 (Sachin Suyamindra)"
"APEX-62849-447","49773","admin only","APEX-62849-447"
"APEX-62849-486","49868","active","APEX-62849 (Sachin Suyamindra)"
"APEX-62849-482","49964","active","APEX-62849 (Sachin Suyamindra)"
"APEX-62849-436","50000","active","APEX-62849 (Sachin Suyamindra)"
"APEX-62849-435","50000","active","APEX-62849 (Sachin Suyamindra)"
"APEX-62849-472","50051","active","APEX-62849 (Sachin Suyamindra)"
"APEX-62849-467","50051","active","APEX-62849 (Sachin Suyamindra)"
"APEX-62849-478","50089","active","APEX-62849 (Sachin Suyamindra)"
"APEX-62849-469","50089","active","APEX-62849 (Sachin Suyamindra)"
"APEX-62849-470","50310","active","APEX-62849 (Sachin Suyamindra)"
"APEX-62849-473","50418","active","APEX-62849 (Sachin Suyamindra)"
"APEX-62849-422","50693","active","APEX-62849 (Sachin Suyamindra)"
"APEX-62849-454","50832","active","APEX-62849 (Sachin Suyamindra)"
"APEX-62849-445","50854","active","APEX-62849 (Sachin Suyamindra)"
"APEX-62849-434","51007","active","APEX-62849 (Sachin Suyamindra)"
"APEX-62849-390","51096","active","APEX-62849 (Sachin Suyamindra)"
"APEX-62849-474","51410","active","APEX-62849 (Sachin Suyamindra)"
"PA-APEX-62849-115","51440","active","APEX-62849 (Sachin Suyamindra)"
"APEX-62849-457","51544","active","APEX-62849 (Sachin Suyamindra)"
"APEX-62849-438","51630","active","APEX-62849 (Sachin Suyamindra)"
"APEX-62849-465","51660","active","APEX-62849 (Sachin Suyamindra)"
"PA-APEX-62849-121","51919","active","APEX-62849 (Sachin Suyamindra)"
"APEX-62849-481","52464","active","APEX-62849 (Sachin Suyamindra)"
"APEX-62849-471","52464","active","APEX-62849 (Sachin Suyamindra)"


