Direction (62849),Quantity,Time,Stop Loss,Profit,Use Breakeven,Breakeven Trigger,Breakeven Offset,Use Trail,Trail Trigger,Trail,Instrument,Account Number
Long,4,08:46 AM,1500,1450,false,0,0,false,0,0,ES,APEX-62849-448
Short,4,07:27 AM,1500,1450,false,0,0,false,0,0,ES,APEX-62849-468
Long,4,06:38 AM,1500,1450,false,0,0,false,0,0,ES,APEX-62849-488
Short,4,09:12 AM,1500,1450,false,0,0,false,0,0,ES,APEX-62849-484
Long,4,09:14 AM,1500,1450,false,0,0,false,0,0,ES,APEX-62849-477
Short,4,08:30 AM,1500,1450,false,0,0,false,0,0,ES,APEX-62849-458
Long,4,09:01 AM,1500,1450,false,0,0,false,0,0,ES,APEX-62849-480
Short,2,10:06 AM,700,650,false,0,0,false,0,0,ES,APEX-62849-479
Long,2,10:56 AM,700,650,false,0,0,false,0,0,ES,APEX-62849-464
Short,2,11:00 AM,700,650,false,0,0,false,0,0,ES,APEX-62849-475
Long,2,11:29 AM,700,650,false,0,0,false,0,0,ES,APEX-62849-461
Short,2,10:44 AM,700,650,false,0,0,false,0,0,ES,APEX-62849-476
Long,2,11:18 AM,700,650,false,0,0,false,0,0,ES,APEX-62849-487
Short,2,09:36 AM,700,650,false,0,0,false,0,0,ES,APEX-62849-486
Long,2,11:03 AM,700,650,false,0,0,false,0,0,ES,APEX-62849-482
Short,2,10:15 AM,700,650,false,0,0,false,0,0,ES,APEX-62849-436
Long,2,11:27 AM,700,650,false,0,0,false,0,0,ES,APEX-62849-435
Short,2,11:04 AM,700,650,false,0,0,false,0,0,ES,APEX-62849-472
Long,2,10:35 AM,700,650,false,0,0,false,0,0,ES,APEX-62849-467
Short,2,09:53 AM,700,650,false,0,0,false,0,0,ES,APEX-62849-478
Long,2,09:42 AM,700,650,false,0,0,false,0,0,ES,APEX-62849-469
Short,2,10:40 AM,700,650,false,0,0,false,0,0,ES,APEX-62849-470
Long,2,09:40 AM,700,650,false,0,0,false,0,0,ES,APEX-62849-473
Short,2,10:20 AM,700,650,false,0,0,false,0,0,ES,APEX-62849-422
Long,2,10:36 AM,700,650,false,0,0,false,0,0,ES,APEX-62849-454
Short,2,10:00 AM,700,650,false,0,0,false,0,0,ES,APEX-62849-445
Long,2,09:55 AM,700,650,false,0,0,false,0,0,ES,APEX-62849-434
Short,2,10:11 AM,700,650,false,0,0,false,0,0,ES,APEX-62849-390
Long,2,10:03 AM,700,650,false,0,0,false,0,0,ES,APEX-62849-474
Short,2,11:06 AM,700,650,false,0,0,false,0,0,ES,APEX-62849-457
Long,2,10:28 AM,700,650,false,0,0,false,0,0,ES,APEX-62849-438
Short,2,11:23 AM,700,650,false,0,0,false,0,0,ES,APEX-62849-465
Long,4,08:02 AM,1400,1400,true,20,10,false,0,0,ES,PA-APEX-62849-127
Short,4,08:27 AM,1400,1400,true,20,10,false,0,0,ES,PA-APEX-62849-125
Long,2,10:49 AM,550,500,true,18,10,false,0,0,ES,PA-APEX-62849-115
Short,2,10:16 AM,550,500,true,18,10,false,0,0,ES,PA-APEX-62849-121
Short,2,11:20 AM,700,650,false,0,0,false,0,0,ES,APEX-62849-485
Long,2,09:53 AM,700,650,false,0,0,false,0,0,ES,APEX-62849-463
Short,2,09:49 AM,700,650,false,0,0,false,0,0,ES,APEX-62849-483
Long,2,10:13 AM,700,650,false,0,0,false,0,0,ES,APEX-62849-466
Short,2,09:41 AM,700,650,false,0,0,false,0,0,ES,APEX-62849-481
Long,2,09:44 AM,700,650,false,0,0,false,0,0,ES,APEX-62849-471