Direction (246808),Quantity,Time,Stop Loss,Profit,Use Breakeven,Breakeven Trigger,Breakeven Offset,Use Trail,Trail Trigger,Trail,Instrument,Account Number
Short,4,07:38 AM,1500,1450,false,0,0,false,0,0,ES,APEX-246808-84
Long,4,09:25 AM,1500,1450,false,0,0,false,0,0,ES,APEX-246808-64
Long,4,08:56 AM,1500,1450,false,0,0,false,0,0,ES,APEX-246808-90
Short,4,07:49 AM,1500,1450,false,0,0,false,0,0,ES,APEX-246808-87
Long,4,06:43 AM,1500,1450,false,0,0,false,0,0,ES,APEX-246808-79
Short,2,11:13 AM,700,650,false,0,0,false,0,0,ES,APEX-246808-82
Long,2,10:52 AM,700,650,false,0,0,false,0,0,ES,APEX-246808-75
Long,2,10:09 AM,700,650,false,0,0,false,0,0,ES,APEX-246808-80
Long,2,09:59 AM,700,650,false,0,0,false,0,0,ES,APEX-246808-81
Short,2,09:35 AM,700,650,false,0,0,false,0,0,ES,APEX-246808-88
Long,2,10:59 AM,700,650,false,0,0,false,0,0,ES,APEX-246808-77
Short,2,10:29 AM,700,650,false,0,0,false,0,0,ES,APEX-246808-60
Long,2,09:43 AM,700,650,false,0,0,false,0,0,ES,APEX-246808-72
Short,2,10:35 AM,700,650,false,0,0,false,0,0,ES,APEX-246808-63
Long,2,09:42 AM,700,650,false,0,0,false,0,0,ES,APEX-246808-62
Short,2,10:24 AM,700,650,false,0,0,false,0,0,ES,APEX-246808-86
Long,2,10:14 AM,700,650,false,0,0,false,0,0,ES,APEX-246808-73
Short,2,10:01 AM,700,650,false,0,0,false,0,0,ES,APEX-246808-89
Long,2,10:20 AM,700,650,false,0,0,false,0,0,ES,APEX-246808-71
Long,2,10:34 AM,550,500,true,18,10,false,0,0,ES,PA-APEX-246808-13
Short,2,09:54 AM,550,500,true,18,10,false,0,0,ES,PA-APEX-246808-12
Long,2,10:25 AM,550,500,true,18,10,false,0,0,ES,PA-APEX-246808-14
Short,2,10:58 AM,550,500,true,18,10,false,0,0,ES,PA-APEX-246808-06
Short,4,08:24 AM,1500,1450,false,0,0,false,0,0,ES,APEX-246808-83
Long,2,10:51 AM,700,650,false,0,0,false,0,0,ES,APEX-246808-85
Short,2,11:19 AM,700,650,false,0,0,false,0,0,ES,APEX-246808-66