"Account","Account Balance","Status","Account Name"
"APEX-246808-84","48330.10","active","APEX-246808 (Yennam Joseph Inna Reddy)"
"APEX-246808-83","48330.10","active","APEX-246808 (Yennam Joseph Inna Reddy)"
"APEX-246808-64","48446.52","active","APEX-246808 (Yennam Joseph Inna Reddy)"
"APEX-246808-90","48680.10","active","APEX-246808 (Yennam Joseph Inna Reddy)"
"APEX-246808-87","48805.10","active","APEX-246808 (Yennam Joseph Inna Reddy)"
"APEX-246808-79","48908.46","active","APEX-246808 (Yennam Joseph Inna Reddy)"
"APEX-246808-74","48929.38","admin only","APEX-246808 (Yennam Joseph Inna Reddy)"
"PA-APEX-246808-13","49030.10","active","APEX-246808 (Yennam Joseph Inna Reddy)"
"PA-APEX-246808-12","49134.28","active","APEX-246808 (Yennam Joseph Inna Reddy)"
"APEX-246808-82","49160.20","active","APEX-246808 (Yennam Joseph Inna Reddy)"
"APEX-246808-86","49193.16","active","APEX-246808 (Yennam Joseph Inna Reddy)"
"APEX-246808-75","49682.44","active","APEX-246808 (Yennam Joseph Inna Reddy)"
"APEX-246808-80","50051.12","active","APEX-246808 (Yennam Joseph Inna Reddy)"
"APEX-246808-81","50252.24","active","APEX-246808 (Yennam Joseph Inna Reddy)"
"APEX-246808-88","50272.14","active","APEX-246808 (Yennam Joseph Inna Reddy)"
"APEX-246808-77","50423.26","active","APEX-246808 (Yennam Joseph Inna Reddy)"
"PA-APEX-246808-14","50492.04","active","APEX-246808 (Yennam Joseph Inna Reddy)"
"APEX-246808-85","50510.20","active","APEX-246808 (Yennam Joseph Inna Reddy)"
"APEX-246808-73","50587.34","active","APEX-246808 (Yennam Joseph Inna Reddy)"
"APEX-246808-60","50764.58","active","APEX-246808 (Yennam Joseph Inna Reddy)"
"APEX-246808-72","51173.26","active","APEX-246808 (Yennam Joseph Inna Reddy)"
"APEX-246808-89","51218.16","active","APEX-246808 (Yennam Joseph Inna Reddy)"
"APEX-246808-71","51220.40","active","APEX-246808 (Yennam Joseph Inna Reddy)"
"APEX-246808-63","51652.54","active","APEX-246808 (Yennam Joseph Inna Reddy)"
"APEX-246808-62","52180.50","active","APEX-246808 (Yennam Joseph Inna Reddy)"
"APEX-246808-66","52208.46","active","APEX-246808 (Yennam Joseph Inna Reddy)"
"PA-APEX-246808-06","52468.18","active","APEX-246808 (Yennam Joseph Inna Reddy)"



Updated: Wed, Dec 11, 2024 08:15:06 am PST

