Result Time,FileName,TradeCount,Account,Instrument,Quantity,Profit,Stop Loss,Trade Time,Direction,Entry Time,Entry Price,Exit Time,Exit Price,Result,Comment
,246808_EVAL.csv,17,APEX-246808-73,ES DEC24,2,650,700,10:32AM,Long,2024-12-11 10:32 AM,6101.5,2024-12-11 11:06 AM,6094.5,Stop Loss
,246808_EVAL.csv,10,APEX-246808-88,ES DEC24,2,650,700,10:35AM,Short,2024-12-11 10:35 AM,6100.5,2024-12-11 11:07 AM,6094,Profit
,246808_EVAL.csv,7,APEX-246808-75,ES DEC24,2,650,700,10:29AM,Long,2024-12-11 10:29 AM,6100.75,2024-12-11 11:07 AM,6093.75,Stop Loss
,246808_EVAL.csv,8,APEX-246808-80,ES DEC24,2,650,700,10:38AM,Long,2024-12-11 10:38 AM,6100.75,2024-12-11 11:07 AM,6093.75,Stop Loss
,246808_PA.csv,3,PA-APEX-246808-14,ES DEC24,1,100,100,11:21AM,Long,2024-12-11 11:21 AM,6095.75,2024-12-11 11:32 AM,6097.75,Profit
