"Account","Account Balance","Status","Account Name","P&L"
"APEX-245360-48","52,956.22","active","APEX-245360 (Reuven Benjamin Goodwin)","0.00"
"APEX-245360-55","52,685.20","active","APEX-245360 (Reuven Benjamin Goodwin)","0.00"
"APEX-245360-77","52,315.96","active","APEX-245360 (Reuven Benjamin Goodwin)","0.00"
"APEX-245360-76","52,174.38","active","APEX-245360 (Reuven Benjamin Goodwin)","0.00"
"APEX-245360-59","51,991.98","active","APEX-245360 (Reuven Benjamin Goodwin)","0.00"
"APEX-245360-67","51,928.36","active","APEX-245360 (Reuven Benjamin Goodwin)","0.00"
"APEX-245360-43","51,893.16","active","APEX-245360 (Reuven Benjamin Goodwin)","0.00"
"APEX-245360-70","51,829.28","active","APEX-245360 (Reuven Benjamin Goodwin)","0.00"
"APEX-245360-66","51,570.40","active","APEX-245360 (Reuven Benjamin Goodwin)","0.00"
"APEX-245360-41","51,549.78","active","APEX-245360 (Reuven Benjamin Goodwin)","0.00"
"APEX-245360-54","51,439.18","active","APEX-245360 (Reuven Benjamin Goodwin)","0.00"
"APEX-245360-49","51,185.20","active","APEX-245360 (Reuven Benjamin Goodwin)","0.00"
"APEX-245360-69","51,057.54","active","APEX-245360 (Reuven Benjamin Goodwin)","0.00"
"APEX-245360-35","51,021.52","active","APEX-245360 (Reuven Benjamin Goodwin)","0.00"
"PA-APEX-245360-11","50,944.38","active","APEX-245360 (Reuven Benjamin Goodwin)","0.00"
"PA-APEX-245360-16","50,918.16","active","APEX-245360 (Reuven Benjamin Goodwin)","0.00"
"PA-APEX-245360-17","50,839.18","active","APEX-245360 (Reuven Benjamin Goodwin)","0.00"
"APEX-245360-50","50,776.12","active","APEX-245360 (Reuven Benjamin Goodwin)","0.00"
"PA-APEX-245360-18","50,659.08","active","APEX-245360 (Reuven Benjamin Goodwin)","0.00"
"APEX-245360-16","50,642.04","active","APEX-245360 (Reuven Benjamin Goodwin)","0.00"
"APEX-245360-63","50,642.04","active","APEX-245360 (Reuven Benjamin Goodwin)","0.00"
"APEX-245360-84","50,637.34","active","APEX-245360 (Reuven Benjamin Goodwin)","0.00"
"APEX-245360-61","50,598.36","active","APEX-245360 (Reuven Benjamin Goodwin)","0.00"
"APEX-245360-47","50,543.16","active","APEX-245360 (Reuven Benjamin Goodwin)","0.00"
"APEX-245360-64","50,432.34","active","APEX-245360 (Reuven Benjamin Goodwin)","0.00"
"APEX-245360-80","50,323.92","active","APEX-245360 (Reuven Benjamin Goodwin)","0.00"
"PA-APEX-245360-15","50,260.20","active","APEX-245360 (Reuven Benjamin Goodwin)","0.00"
"APEX-245360-79","50,096.02","active","APEX-245360 (Reuven Benjamin Goodwin)","0.00"
"APEX-245360-62","50,096.02","active","APEX-245360 (Reuven Benjamin Goodwin)","0.00"
"APEX-245360-52","50,089.18","active","APEX-245360 (Reuven Benjamin Goodwin)","0.00"
"APEX-245360-01","50,000.00","active","APEX-245360 (Reuven Benjamin Goodwin)","0.00"
"PA-APEX-245360-19","50,000.00","active","APEX-245360 (Reuven Benjamin Goodwin)","0.00"
"APEX-245360-87","49,926.42","active","APEX-245360 (Reuven Benjamin Goodwin)","0.00"
"APEX-245360-58","49,868.16","active","APEX-245360 (Reuven Benjamin Goodwin)","0.00"
"APEX-245360-82","49,815.30","active","APEX-245360 (Reuven Benjamin Goodwin)","0.00"
"PA-APEX-245360-12","49,798.26","active","APEX-245360 (Reuven Benjamin Goodwin)","0.00"
"PA-APEX-245360-10","49,717.54","active","APEX-245360 (Reuven Benjamin Goodwin)","0.00"
"APEX-245360-60","49,716.42","admin only","APEX-245360-60","0.00"
"APEX-245360-72","49,714.48","active","APEX-245360 (Reuven Benjamin Goodwin)","0.00"
"PA-APEX-245360-06","49,708.76","active","APEX-245360 (Reuven Benjamin Goodwin)","0.00"
"APEX-245360-18","49,604.38","active","APEX-245360 (Reuven Benjamin Goodwin)","0.00"
"APEX-245360-08","49,292.04","active","APEX-245360 (Reuven Benjamin Goodwin)","0.00"
"APEX-245360-57","49,038.06","active","APEX-245360 (Reuven Benjamin Goodwin)","0.00"
"APEX-245360-71","48,975.40","active","APEX-245360 (Reuven Benjamin Goodwin)","0.00"
"APEX-245360-46","48,755.10","active","APEX-245360 (Reuven Benjamin Goodwin)","0.00"
"APEX-245360-86","48,687.34","admin only","APEX-245360 (Reuven Benjamin Goodwin)","0.00"
"APEX-245360-51","48,584.08","active","APEX-245360 (Reuven Benjamin Goodwin)","0.00"
"APEX-245360-56","48,551.12","active","APEX-245360 (Reuven Benjamin Goodwin)","0.00"
"APEX-245360-45","48,467.44","active","APEX-245360 (Reuven Benjamin Goodwin)","0.00"
"PA-APEX-245360-07","48,386.52","active","APEX-245360 (Reuven Benjamin Goodwin)","0.00"
"APEX-245360-42","48,330.10","active","APEX-245360 (Reuven Benjamin Goodwin)","0.00"
"APEX-245360-85","47,869.28","admin only","APEX-245360-85","0.00"
"APEX-245360-88","47,580.20","admin only","APEX-245360-88","0.00"



Updated: Wed, Dec 11, 2024 08:09:45 am PST

