Direction (245360),Quantity,Time,Stop Loss,Profit,Use Breakeven,Breakeven Trigger,Breakeven Offset,Use Trail,Trail Trigger,Trail,Instrument,Account Number
Long,2,09:38 AM,550,500,true,18,10,false,0,0,ES,PA-APEX-245360-11
Short,2,09:48 AM,550,500,true,18,10,false,0,0,ES,PA-APEX-245360-16
Long,2,10:53 AM,550,500,true,18,10,false,0,0,ES,PA-APEX-245360-17
Short,2,11:17 AM,550,500,true,18,10,false,0,0,ES,PA-APEX-245360-18
Long,2,10:18 AM,550,500,true,18,10,false,0,0,ES,PA-APEX-245360-15
Short,2,11:07 AM,550,500,true,18,10,false,0,0,ES,PA-APEX-245360-19
Long,2,10:43 AM,550,500,true,18,10,false,0,0,ES,PA-APEX-245360-12
Short,2,10:10 AM,550,500,true,18,10,false,0,0,ES,PA-APEX-245360-10
Long,2,10:38 AM,550,500,true,18,10,false,0,0,ES,PA-APEX-245360-06
Short,4,07:03 AM,1400,1400,true,20,10,false,0,0,ES,PA-APEX-245360-07