Direction (245360),Quantity,Time,Stop Loss,Profit,Use Breakeven,Breakeven Trigger,Breakeven Offset,Use Trail,Trail Trigger,Trail,Instrument,Account Number
Short,4,08:46 AM,1500,1450,false,0,0,false,0,0,ES,APEX-245360-45
Long,4,07:27 AM,1500,1450,false,0,0,false,0,0,ES,APEX-245360-51
Short,4,06:38 AM,1500,1450,false,0,0,false,0,0,ES,APEX-245360-56
Long,2,08:30 AM,700,650,false,0,0,false,0,0,ES,APEX-245360-57
Short,4,09:01 AM,1500,1450,false,0,0,false,0,0,ES,APEX-245360-71
Short,2,10:56 AM,700,650,false,0,0,false,0,0,ES,APEX-245360-08
Short,2,11:29 AM,700,650,false,0,0,false,0,0,ES,APEX-245360-18
Long,2,10:44 AM,700,650,false,0,0,false,0,0,ES,APEX-245360-72
Short,2,11:18 AM,700,650,false,0,0,false,0,0,ES,APEX-245360-58
Long,2,09:36 AM,700,650,false,0,0,false,0,0,ES,APEX-245360-87
Short,2,11:03 AM,700,650,false,0,0,false,0,0,ES,APEX-245360-01
Long,2,10:15 AM,700,650,false,0,0,false,0,0,ES,APEX-245360-79
Short,2,11:27 AM,700,650,false,0,0,false,0,0,ES,APEX-245360-62
Long,2,11:04 AM,700,650,false,0,0,false,0,0,ES,APEX-245360-52
Long,2,10:35 AM,700,650,false,0,0,false,0,0,ES,APEX-245360-64
Short,2,09:40 AM,700,650,false,0,0,false,0,0,ES,APEX-245360-80
Long,2,10:20 AM,700,650,false,0,0,false,0,0,ES,APEX-245360-50
Short,2,09:55 AM,700,650,false,0,0,false,0,0,ES,APEX-245360-69
Long,2,10:11 AM,700,650,false,0,0,false,0,0,ES,APEX-245360-49
Short,2,10:03 AM,700,650,false,0,0,false,0,0,ES,APEX-245360-54
Long,2,11:22 AM,700,650,false,0,0,false,0,0,ES,APEX-245360-66
Short,2,10:28 AM,700,650,false,0,0,false,0,0,ES,APEX-245360-41
Long,1,11:47 AM,250,225,false,0,0,false,0,0,ES,APEX-245360-48
Short,2,10:14 AM,700,650,false,0,0,false,0,0,ES,APEX-245360-59
Long,2,10:47 AM,700,650,false,0,0,false,0,0,ES,APEX-245360-67
Short,2,10:42 AM,700,650,false,0,0,false,0,0,ES,APEX-245360-35
Long,2,10:07 AM,700,650,false,0,0,false,0,0,ES,APEX-245360-16
Short,2,11:10 AM,700,650,false,0,0,false,0,0,ES,APEX-245360-63
Long,2,11:02 AM,700,650,false,0,0,false,0,0,ES,APEX-245360-84
Short,2,09:46 AM,700,650,false,0,0,false,0,0,ES,APEX-245360-61
Long,2,09:50 AM,700,650,false,0,0,false,0,0,ES,APEX-245360-47
Short,4,07:53 AM,1500,1450,false,0,0,false,0,0,ES,APEX-245360-42
Long,2,09:38 AM,550,500,true,18,10,false,0,0,ES,PA-APEX-245360-11
Short,2,09:48 AM,550,500,true,18,10,false,0,0,ES,PA-APEX-245360-16
Long,2,10:53 AM,550,500,true,18,10,false,0,0,ES,PA-APEX-245360-17
Short,2,11:17 AM,550,500,true,18,10,false,0,0,ES,PA-APEX-245360-18
Long,2,10:18 AM,550,500,true,18,10,false,0,0,ES,PA-APEX-245360-15
Short,2,11:07 AM,550,500,true,18,10,false,0,0,ES,PA-APEX-245360-19
Long,2,10:43 AM,550,500,true,18,10,false,0,0,ES,PA-APEX-245360-12
Short,2,10:10 AM,550,500,true,18,10,false,0,0,ES,PA-APEX-245360-10
Long,2,10:38 AM,550,500,true,18,10,false,0,0,ES,PA-APEX-245360-06
Short,4,07:03 AM,1400,1400,true,20,10,false,0,0,ES,PA-APEX-245360-07
Short,2,10:30 AM,700,650,false,0,0,false,0,0,ES,APEX-245360-55
Long,2,11:22 AM,700,650,false,0,0,false,0,0,ES,APEX-245360-77
Short,2,09:42 AM,700,650,false,0,0,false,0,0,ES,APEX-245360-76
Long,2,09:45 AM,700,650,false,0,0,false,0,0,ES,APEX-245360-43
Short,2,10:50 AM,700,650,false,0,0,false,0,0,ES,APEX-245360-70
Long,2,11:23 AM,700,650,false,0,0,false,0,0,ES,APEX-245360-82
Short,4,06:32 AM,1500,1450,false,0,0,false,0,0,ES,APEX-245360-46