Direction (244324),Quantity,Time,Stop Loss,Profit,Use Breakeven,Breakeven Trigger,Breakeven Offset,Use Trail,Trail Trigger,Trail,Instrument,Account Number
Short,2,09:48 AM,700,650,false,0,0,false,0,0,ES,APEX-244324-02
Long,2,10:45 AM,700,650,false,0,0,false,0,0,ES,APEX-244324-08
Short,2,10:56 AM,700,650,false,0,0,false,0,0,ES,APEX-244324-12
Long,4,09:00 AM,1500,1450,false,0,0,false,0,0,ES,APEX-244324-36
Short,2,09:33 AM,700,650,false,0,0,false,0,0,ES,APEX-244324-01
Long,2,10:34 AM,700,650,false,0,0,false,0,0,ES,APEX-244324-19
Short,2,11:00 AM,700,650,false,0,0,false,0,0,ES,APEX-244324-03
Long,4,09:20 AM,1500,1450,false,0,0,false,0,0,ES,APEX-244324-43
Short,2,09:50 AM,700,650,false,0,0,false,0,0,ES,APEX-244324-40
Long,2,10:43 AM,700,650,false,0,0,false,0,0,ES,APEX-244324-15
Short,2,11:22 AM,700,650,false,0,0,false,0,0,ES,APEX-244324-21
Long,2,10:18 AM,700,650,false,0,0,false,0,0,ES,APEX-244324-11
Short,2,10:02 AM,700,650,false,0,0,false,0,0,ES,APEX-244324-10
Long,2,11:16 AM,700,650,false,0,0,false,0,0,ES,APEX-244324-17
Short,4,08:31 AM,1500,1450,false,0,0,false,0,0,ES,APEX-244324-13
Short,2,10:53 AM,550,500,true,18,10,false,0,0,ES,PA-APEX-244324-01
Long,2,10:50 AM,550,500,true,18,10,false,0,0,ES,PA-APEX-244324-02
Short,2,10:49 AM,550,500,true,18,10,false,0,0,ES,PA-APEX-244324-03
Long,2,10:27 AM,700,650,false,0,0,false,0,0,ES,APEX-244324-04
Short,1,11:37 AM,250,225,false,0,0,false,0,0,ES,APEX-244324-09
Long,2,11:26 AM,700,650,false,0,0,false,0,0,ES,APEX-244324-22