"Account","Account Balance","Status","Account Name","P&L","Day P&L"
"APEX-244324-01","49,226.12","active","APEX-244324 (Avanya Innovations Llc Anant Kulkarni)","0.00","0.00"
"APEX-244324-02","50,030.04","active","APEX-244324 (Avanya Innovations Llc Anant Kulkarni)","0.00","0.00"
"APEX-244324-03","49,747.64","active","APEX-244324 (Avanya Innovations Llc Anant Kulkarni)","0.00","0.00"
"APEX-244324-04","51,180.10","active","APEX-244324 (Avanya Innovations Llc Anant Kulkarni)","0.00","0.00"
"APEX-244324-06","49,443.00","admin only","APEX-244324 (Avanya Innovations Llc Anant Kulkarni)","0.00","0.00"
"APEX-244324-08","50,738.06","active","APEX-244324 (Avanya Innovations Llc Anant Kulkarni)","0.00","0.00"
"APEX-244324-09","52,888.56","active","APEX-244324 (Avanya Innovations Llc Anant Kulkarni)","0.00","0.00"
"APEX-244324-10","51,284.08","active","APEX-244324 (Avanya Innovations Llc Anant Kulkarni)","0.00","0.00"
"APEX-244324-11","52,216.62","active","APEX-244324 (Avanya Innovations Llc Anant Kulkarni)","0.00","0.00"
"APEX-244324-12","50,433.00","active","APEX-244324 (Avanya Innovations Llc Anant Kulkarni)","0.00","0.00"
"APEX-244324-13","48,330.10","active","APEX-244324 (Avanya Innovations Llc Anant Kulkarni)","0.00","0.00"
"APEX-244324-15","50,896.52","active","APEX-244324 (Avanya Innovations Llc Anant Kulkarni)","0.00","0.00"
"APEX-244324-17","49,614.18","active","APEX-244324 (Avanya Innovations Llc Anant Kulkarni)","0.00","0.00"
"APEX-244324-19","49,868.16","active","APEX-244324 (Avanya Innovations Llc Anant Kulkarni)","0.00","0.00"
"APEX-244324-21","50,534.48","active","APEX-244324 (Avanya Innovations Llc Anant Kulkarni)","0.00","0.00"
"APEX-244324-22","51,386.42","active","APEX-244324 (Avanya Innovations Llc Anant Kulkarni)","0.00","0.00"
"APEX-244324-24","50,786.32","admin only","APEX-244324-24","0.00","0.00"
"APEX-244324-26","49,071.32","admin only","APEX-244324-26","0.00","0.00"
"APEX-244324-27","50,319.28","admin only","APEX-244324 (Avanya Innovations Llc Anant Kulkarni)","0.00","0.00"
"APEX-244324-31","49,129.48","admin only","APEX-244324 (Avanya Innovations Llc Anant Kulkarni)","0.00","0.00"
"APEX-244324-32","47,903.16","admin only","APEX-244324-32","0.00","0.00"
"APEX-244324-33","48,027.24","admin only","APEX-244324-33","0.00","0.00"
"APEX-244324-34","25,047.14","admin only","APEX-244324-34","0.00","0.00"
"APEX-244324-35","48,848.46","admin only","APEX-244324 (Avanya Innovations Llc Anant Kulkarni)","0.00","0.00"
"APEX-244324-36","48,827.24","active","APEX-244324 (Avanya Innovations Llc Anant Kulkarni)","0.00","0.00"
"APEX-244324-37","48,161.32","admin only","APEX-244324-37","0.00","0.00"
"APEX-244324-38","48,378.46","admin only","APEX-244324-38","0.00","0.00"
"APEX-244324-39","48,242.80","admin only","APEX-244324-39","0.00","0.00"
"APEX-244324-40","49,908.46","active","APEX-244324 (Avanya Innovations Llc Anant Kulkarni)","0.00","0.00"
"APEX-244324-41","47,556.32","admin only","APEX-244324-41","0.00","0.00"
"APEX-244324-42","48,316.42","admin only","APEX-244324-42","0.00","0.00"
"APEX-244324-43","48,848.26","active","APEX-244324 (Avanya Innovations Llc Anant Kulkarni)","0.00","0.00"
"PA-APEX-244324-01","49,494.28","active","APEX-244324 (Avanya Innovations Llc Anant Kulkarni)","0.00","0.00"
"PA-APEX-244324-02","49,532.80","active","APEX-244324 (Avanya Innovations Llc Anant Kulkarni)","0.00","0.00"
"PA-APEX-244324-03","49,188.06","active","APEX-244324 (Avanya Innovations Llc Anant Kulkarni)","0.00","0.00"


