Result Time,FileName,TradeCount,Account,Instrument,Quantity,Profit,Stop Loss,Trade Time,Direction,Entry Time,Entry Price,Exit Time,Exit Price,Result,Comment
,244324_EVAL.csv,11,APEX-244324-21,ES DEC24,2,650,700,10:08AM,Short,2024-12-11 10:08 AM,6099.25,2024-12-11 12:55 PM,6092.75,Profit
,244324_EVAL.csv,2,APEX-244324-08,ES DEC24,2,650,700,10:45AM,Long,2024-12-11 10:45 AM,6099.5,2024-12-11 12:56 PM,6092.5,Stop Loss
,244324_EVAL.csv,16,APEX-244324-22,ES DEC24,2,650,700,10:21AM,Short,2024-12-11 10:21 AM,6098.5,2024-12-11 12:59 PM,6092,Profit
,244324_EVAL.csv,9,APEX-244324-40,ES DEC24,2,650,700,9:50AM,Long,2024-12-11 9:50 AM,6098.75,2024-12-11 12:59 PM,6091.75,Stop Loss
,244324_EVAL.csv,6,APEX-244324-19,ES DEC24,2,650,700,9:42AM,Short,2024-12-11 9:42 AM,6098,2024-12-11 12:59 PM,6091.5,Profit
