"Account","Account Balance","Status","Account Name"
"APEX-266645-24","47422.34","admin only","APEX-266645-24"
"APEX-266645-22","47456.22","admin only","APEX-266645-22"
"APEX-266645-07","47940.30","admin only","APEX-266645-07"
"APEX-266645-02","48170.76","admin only","APEX-266645-02"
"APEX-266645-28","48220.20","admin only","APEX-266645 (Nischay Gowda)"
"APEX-266645-44","48493.16","active","APEX-266645 (Nischay Gowda)"
"APEX-266645-18","48740.30","active","APEX-266645 (Nischay Gowda)"
"APEX-266645-08","48905.66","active","APEX-266645 (Nischay Gowda)"
"APEX-266645-45","48972.14","active","APEX-266645 (Nischay Gowda)"
"APEX-266645-11","49160.76","admin only","APEX-266645 (Nischay Gowda)"
"APEX-266645-26","49166.42","active","APEX-266645 (Nischay Gowda)"
"APEX-266645-15","49340.30","admin only","APEX-266645 (Nischay Gowda)"
"APEX-266645-04","49643.82","admin only","APEX-266645-04"
"APEX-266645-36","49797.14","active","APEX-266645 (Nischay Gowda)"
"APEX-266645-33","49797.14","active","APEX-266645 (Nischay Gowda)"
"APEX-266645-25","49890.30","active","APEX-266645 (Nischay Gowda)"
"APEX-266645-41","49901.12","active","APEX-266645 (Nischay Gowda)"
"APEX-266645-05","49969.84","active","APEX-266645 (Nischay Gowda)"
"APEX-266645-01","50005.40","active","APEX-266645 (Nischay Gowda)"
"APEX-266645-31","50030.10","active","APEX-266645 (Nischay Gowda)"
"APEX-266645-14","50066.42","active","APEX-266645 (Nischay Gowda)"
"APEX-266645-16","50074.38","active","APEX-266645 (Nischay Gowda)"
"APEX-266645-37","50134.08","active","APEX-266645 (Nischay Gowda)"
"APEX-266645-34","50155.10","active","APEX-266645 (Nischay Gowda)"
"APEX-266645-21","50177.34","active","APEX-266645 (Nischay Gowda)"
"APEX-266645-39","50230.10","active","APEX-266645 (Nischay Gowda)"
"APEX-266645-38","50251.12","active","APEX-266645 (Nischay Gowda)"
"APEX-266645-40","50510.20","active","APEX-266645 (Nischay Gowda)"
"APEX-266645-35","50672.14","active","APEX-266645 (Nischay Gowda)"
"APEX-266645-17","50737.34","admin only","APEX-266645 (Nischay Gowda)"
"APEX-266645-42","50776.12","active","APEX-266645 (Nischay Gowda)"
"APEX-266645-32","50863.06","active","APEX-266645 (Nischay Gowda)"
"APEX-266645-20","50869.28","active","APEX-266645 (Nischay Gowda)"
"APEX-266645-12","51046.42","active","APEX-266645 (Nischay Gowda)"
"APEX-266645-03","51345.40","active","APEX-266645 (Nischay Gowda)"
"APEX-266645-43","51926.12","active","APEX-266645 (Nischay Gowda)"
"APEX-266645-30","51995.40","active","APEX-266645 (Nischay Gowda)"
"APEX-266645-29","52578.36","active","APEX-266645 (Nischay Gowda)"


