Direction (194320),Quantity,Time,Stop Loss,Profit,Use Breakeven,Breakeven Trigger,Breakeven Offset,Use Trail,Trail Trigger,Trail,Instrument,Account Number
Long,4,07:38 AM,1500,1450,false,0,0,false,0,0,ES,APEX-194320-307
Short,4,09:25 AM,1500,1450,false,0,0,false,0,0,ES,APEX-194320-305
Long,4,07:15 AM,1500,1450,false,0,0,false,0,0,ES,APEX-194320-306
Short,4,08:56 AM,1500,1450,false,0,0,false,0,0,ES,APEX-194320-302
Long,4,07:49 AM,1500,1450,false,0,0,false,0,0,ES,APEX-194320-289
Short,4,08:08 AM,1500,1450,false,0,0,false,0,0,ES,APEX-194320-304
Long,2,11:13 AM,700,650,false,0,0,false,0,0,ES,APEX-194320-310
Short,2,10:52 AM,700,650,false,0,0,false,0,0,ES,APEX-194320-300
Long,2,09:58 AM,700,650,false,0,0,false,0,0,ES,APEX-194320-299
Short,2,10:22 AM,700,650,false,0,0,false,0,0,ES,APEX-194320-257
Long,2,10:53 AM,700,650,false,0,0,false,0,0,ES,APEX-194320-283
Short,2,10:09 AM,700,650,false,0,0,false,0,0,ES,APEX-194320-294
Long,2,11:16 AM,700,650,false,0,0,false,0,0,ES,APEX-194320-293
Short,2,09:59 AM,700,650,false,0,0,false,0,0,ES,APEX-194320-297
Long,2,09:35 AM,700,650,false,0,0,false,0,0,ES,APEX-194320-282
Short,2,10:59 AM,700,650,false,0,0,false,0,0,ES,APEX-194320-277
Long,2,10:29 AM,700,650,false,0,0,false,0,0,ES,APEX-194320-303
Short,2,09:43 AM,700,650,false,0,0,false,0,0,ES,APEX-194320-272
Long,2,11:20 AM,700,650,false,0,0,false,0,0,ES,APEX-194320-287
Short,2,09:36 AM,700,650,false,0,0,false,0,0,ES,APEX-194320-285
Long,2,10:35 AM,700,650,false,0,0,false,0,0,ES,APEX-194320-296
Short,2,11:15 AM,700,650,false,0,0,false,0,0,ES,APEX-194320-298
Long,2,10:51 AM,700,650,false,0,0,false,0,0,ES,APEX-194320-286
Short,2,09:42 AM,700,650,false,0,0,false,0,0,ES,APEX-194320-301
Long,1,11:38 AM,250,225,false,0,0,false,0,0,ES,APEX-194320-278
Long,2,10:07 AM,550,500,true,18,10,false,0,0,ES,PA-APEX-194320-41
Short,2,09:50 AM,550,500,true,18,10,false,0,0,ES,PA-APEX-194320-44
Long,2,10:24 AM,550,500,true,18,10,false,0,0,ES,PA-APEX-194320-42
Short,2,11:00 AM,550,500,true,18,10,false,0,0,ES,PA-APEX-194320-25
Short,4,08:30 AM,1500,1450,false,0,0,false,0,0,ES,APEX-194320-309
Long,4,06:38 AM,1500,1450,false,0,0,false,0,0,ES,APEX-194320-260