Result Time,FileName,TradeCount,Account,Instrument,Quantity,Profit,Stop Loss,Trade Time,Direction,Entry Time,Entry Price,Exit Time,Exit Price,Result,Comment
,182660_EVAL.csv,18,APEX-182660-41,ES DEC24,1,100,100,10:56AM,Long,2024-12-11 10:56 AM,6096,2024-12-11 11:02 AM,6098,Profit
,182660_EVAL.csv,10,APEX-182660-63,ES DEC24,2,650,700,10:39AM,Short,2024-12-11 10:39 AM,6100.75,2024-12-11 11:07 AM,6094.25,Profit
,182660_EVAL.csv,7,APEX-182660-62,ES DEC24,2,650,700,10:34AM,Short,2024-12-11 10:34 AM,6100,2024-12-11 11:07 AM,6093.5,Profit
,182660_EVAL.csv,15,APEX-182660-51,ES DEC24,1,100,100,11:12AM,Short,2024-12-11 11:12 AM,6095.25,2024-12-11 11:12 AM,6097.25,Stop Loss
