"Account","Account Balance","Status","Account Name","P&L"
"APEX-194320-308","47531.22","admin only","APEX-194320-308","0.00"
"APEX-194320-309","48210.20","active","APEX-194320 (Lourdhu Manohar Reddy Yennam)","0.00"
"APEX-194320-307","48222.14","active","APEX-194320 (Lourdhu Manohar Reddy Yennam)","0.00"
"APEX-194320-304","48302.24","admin only","APEX-194320 (Lourdhu Manohar Reddy Yennam)","0.00"
"APEX-194320-310","48399.38","active","APEX-194320 (Lourdhu Manohar Reddy Yennam)","0.00"
"APEX-194320-288","48489.28","admin only","APEX-194320 (Lourdhu Manohar Reddy Yennam)","0.00"
"APEX-194320-306","48530.20","active","APEX-194320 (Lourdhu Manohar Reddy Yennam)","0.00"
"APEX-194320-302","48784.08","active","APEX-194320 (Lourdhu Manohar Reddy Yennam)","0.00"
"APEX-194320-289","48844.28","active","APEX-194320 (Lourdhu Manohar Reddy Yennam)","0.00"
"APEX-194320-299","48973.36","active","APEX-194320 (Lourdhu Manohar Reddy Yennam)","0.00"
"APEX-194320-260","48985.30","active","APEX-194320 (Lourdhu Manohar Reddy Yennam)","0.00"
"APEX-194320-293","49291.42","active","APEX-194320 (Lourdhu Manohar Reddy Yennam)","0.00"
"APEX-194320-283","49441.52","admin only","APEX-194320 (Lourdhu Manohar Reddy Yennam)","0.00"
"APEX-194320-280","49608.46","admin only","APEX-194320 (Lourdhu Manohar Reddy Yennam)","0.00"
"APEX-194320-282","49774.94","admin only","APEX-194320 (Lourdhu Manohar Reddy Yennam)","0.00"
"PA-APEX-194320-41","49816.82","active","APEX-194320 (Lourdhu Manohar Reddy Yennam)","0.00"
"PA-APEX-194320-44","49872.14","active","APEX-194320 (Lourdhu Manohar Reddy Yennam)","0.00"
"APEX-194320-305","49910.20","active","APEX-194320 (Lourdhu Manohar Reddy Yennam)","0.00"
"APEX-194320-303","50072.70","active","APEX-194320 (Lourdhu Manohar Reddy Yennam)","0.00"
"APEX-194320-274","50092.34","admin only","APEX-194320-274","0.00"
"APEX-194320-300","50204.38","active","APEX-194320 (Lourdhu Manohar Reddy Yennam)","0.00"
"APEX-194320-269","50284.58","admin only","APEX-194320 (Lourdhu Manohar Reddy Yennam)","0.00"
"APEX-194320-257","50510.20","active","APEX-194320 (Lourdhu Manohar Reddy Yennam)","0.00"
"APEX-194320-294","50616.42","active","APEX-194320 (Lourdhu Manohar Reddy Yennam)","0.00"
"APEX-194320-287","50650.30","active","APEX-194320 (Lourdhu Manohar Reddy Yennam)","0.00"
"APEX-194320-285","50760.30","active","APEX-194320 (Lourdhu Manohar Reddy Yennam)","0.00"
"APEX-194320-297","50807.44","active","APEX-194320 (Lourdhu Manohar Reddy Yennam)","0.00"
"PA-APEX-194320-42","50856.82","active","APEX-194320 (Lourdhu Manohar Reddy Yennam)","0.00"
"APEX-194320-296","50872.44","active","APEX-194320 (Lourdhu Manohar Reddy Yennam)","0.00"
"APEX-194320-277","51146.52","active","APEX-194320 (Lourdhu Manohar Reddy Yennam)","0.00"
"APEX-194320-286","51278.36","active","APEX-194320 (Lourdhu Manohar Reddy Yennam)","0.00"
"PA-APEX-194320-25","51689.76","active","APEX-194320 (Lourdhu Manohar Reddy Yennam)","0.00"
"APEX-194320-272","51860.20","active","APEX-194320 (Lourdhu Manohar Reddy Yennam)","0.00"
"APEX-194320-298","52529.38","active","APEX-194320 (Lourdhu Manohar Reddy Yennam)","0.00"
"APEX-194320-278","52683.46","active","APEX-194320 (Lourdhu Manohar Reddy Yennam)","0.00"
"APEX-194320-301","52848.26","active","APEX-194320 (Lourdhu Manohar Reddy Yennam)","0.00"



Updated: Wed, Dec 11, 2024 11:58:42 pm PST

