"Account","Account Balance","Status","Account Name"
"APEX-194858-145","47,928.46","admin only","APEX-194858-145"
"APEX-194858-119","48,265.12","admin only","APEX-194858-119"
"APEX-194858-165","48,352.24","active","APEX-194858 (Sindhu Mukunda)"
"APEX-194858-160","48,453.36","admin only","APEX-194858-160"
"APEX-194858-144","48,556.88","active","APEX-194858 (Sindhu Mukunda)"
"APEX-194858-135","48,559.08","active","APEX-194858 (Sindhu Mukunda)"
"APEX-194858-139","48,584.08","active","APEX-194858 (Sindhu Mukunda)"
"APEX-194858-117","48,584.08","active","APEX-194858 (Sindhu Mukunda)"
"APEX-194858-130","48,584.08","active","APEX-194858 (Sindhu Mukunda)"
"APEX-194858-162","48,835.86","admin only","APEX-194858 (Sindhu Mukunda)"
"APEX-194858-154","49,143.46","active","APEX-194858 (Sindhu Mukunda)"
"APEX-194858-131","49,246.06","admin only","APEX-194858 (Sindhu Mukunda)"
"APEX-194858-140","49,292.04","active","APEX-194858 (Sindhu Mukunda)"
"APEX-194858-149","50,000.00","active","APEX-194858 (Sindhu Mukunda)"
"APEX-194858-150","50,000.00","active","APEX-194858 (Sindhu Mukunda)"
"APEX-194858-148","50,000.00","active","APEX-194858 (Sindhu Mukunda)"
"APEX-194858-146","50,000.00","active","APEX-194858 (Sindhu Mukunda)"
"APEX-194858-152","50,000.00","active","APEX-194858 (Sindhu Mukunda)"
"APEX-194858-153","50,000.00","active","APEX-194858 (Sindhu Mukunda)"
"APEX-194858-155","50,000.00","active","APEX-194858 (Sindhu Mukunda)"
"APEX-194858-157","50,262.54","active","APEX-194858 (Sindhu Mukunda)"
"APEX-194858-163","50,570.40","active","APEX-194858 (Sindhu Mukunda)"
"APEX-194858-138","50,576.12","active","APEX-194858 (Sindhu Mukunda)"
"APEX-194858-143","50,576.12","active","APEX-194858 (Sindhu Mukunda)"
"APEX-194858-122","50,580.34","admin only","APEX-194858-122"
"APEX-194858-133","50,642.04","active","APEX-194858 (Sindhu Mukunda)"
"APEX-194858-134","50,642.04","active","APEX-194858 (Sindhu Mukunda)"
"APEX-194858-161","50,852.80","active","APEX-194858 (Sindhu Mukunda)"
"APEX-194858-156","50,911.88","active","APEX-194858 (Sindhu Mukunda)"
"APEX-194858-142","51,002.90","active","APEX-194858 (Sindhu Mukunda)"
"APEX-194858-137","51,218.16","active","APEX-194858 (Sindhu Mukunda)"
"APEX-194858-141","51,389.12","active","APEX-194858 (Sindhu Mukunda)"
"APEX-194858-123","51,563.67","active","APEX-194858 (Sindhu Mukunda)"
"APEX-194858-136","51,805.96","active","APEX-194858 (Sindhu Mukunda)"
"APEX-194858-127","51,926.12","active","APEX-194858 (Sindhu Mukunda)"
"PA-APEX-194858-33","52,597.54","active","APEX-194858 (Sindhu Mukunda)"
"APEX-194858-151","52,989.38","active","APEX-194858 (Sindhu Mukunda)"
"PA-APEX-194858-28","53,204.22","active","APEX-194858 (Sindhu Mukunda)"
"PA-APEX-194858-34","53,458.30","active","APEX-194858 (Sindhu Mukunda)"


