Direction (194858),Quantity,Time,Stop Loss,Profit,Use Breakeven,Breakeven Trigger,Breakeven Offset,Use Trail,Trail Trigger,Trail,Instrument,Account Number
Long,4,09:12 AM,1500,1450,false,0,0,false,0,0,ES,APEX-194858-144
Short,4,09:14 AM,1500,1450,false,0,0,false,0,0,ES,APEX-194858-135
Long,2,10:06 AM,700,650,false,0,0,false,0,0,ES,APEX-194858-154
Long,2,11:00 AM,700,650,false,0,0,false,0,0,ES,APEX-194858-140
Short,2,10:35 AM,700,650,false,0,0,false,0,0,ES,APEX-194858-149
Long,2,11:24 AM,700,650,false,0,0,false,0,0,ES,APEX-194858-150
Short,2,09:42 AM,700,650,false,0,0,false,0,0,ES,APEX-194858-148
Short,2,10:36 AM,700,650,false,0,0,false,0,0,ES,APEX-194858-161
Long,2,10:00 AM,700,650,false,0,0,false,0,0,ES,APEX-194858-156
Long,2,11:23 AM,700,650,false,0,0,false,0,0,ES,APEX-194858-123
Short,1,11:47 AM,250,225,false,0,0,false,0,0,ES,APEX-194858-151
Long,2,10:14 AM,700,650,false,0,0,false,0,0,ES,APEX-194858-127
Short,2,10:47 AM,700,650,false,0,0,false,0,0,ES,APEX-194858-136
Long,2,10:42 AM,700,650,false,0,0,false,0,0,ES,APEX-194858-142
Short,2,10:07 AM,700,650,false,0,0,false,0,0,ES,APEX-194858-163
Long,2,11:10 AM,700,650,false,0,0,false,0,0,ES,APEX-194858-138
Short,2,11:02 AM,700,650,false,0,0,false,0,0,ES,APEX-194858-143
Long,2,10:28 AM,700,650,false,0,0,false,0,0,ES,APEX-194858-133
Short,2,09:50 AM,700,650,false,0,0,false,0,0,ES,APEX-194858-134
Long,4,07:53 AM,1500,1450,false,0,0,false,0,0,ES,APEX-194858-165
Long,2,10:31 AM,550,500,true,18,10,false,0,0,ES,PA-APEX-194858-33
Short,1,11:50 AM,100,100,false,0,0,false,0,0,ES,PA-APEX-194858-28
Long,1,11:54 AM,100,100,false,0,0,false,0,0,ES,PA-APEX-194858-34
Long,4,09:11 AM,1500,1450,false,0,0,false,0,0,ES,APEX-194858-139
Short,4,07:51 AM,1500,1450,false,0,0,false,0,0,ES,APEX-194858-117
Long,4,07:16 AM,1500,1450,false,0,0,false,0,0,ES,APEX-194858-130
Short,2,09:41 AM,700,650,false,0,0,false,0,0,ES,APEX-194858-146
Long,2,11:04 AM,700,650,false,0,0,false,0,0,ES,APEX-194858-152
Short,2,11:15 AM,700,650,false,0,0,false,0,0,ES,APEX-194858-153
Long,2,11:22 AM,700,650,false,0,0,false,0,0,ES,APEX-194858-155
Short,2,09:56 AM,700,650,false,0,0,false,0,0,ES,APEX-194858-157
Long,2,11:25 AM,700,650,false,0,0,false,0,0,ES,APEX-194858-137
Short,2,10:26 AM,700,650,false,0,0,false,0,0,ES,APEX-194858-141